{
    "RegorAxeShield": "Ack&Brunt",
    "AkimboPistol": "Aklato",
    "AkimboSomaPistols": "AkSomati",
    "PrimeAkstiletto": "Akstiletto Prime",
    "TennoUzi": "Akstilleto",
    "HarlequinPistols": "Akzani",
    "GrnStaff": "Amphis",
    "ChainLightningRifle": "Amprex",
    "CrpAirPistolArray": "Angstrum",
    "ParisScythe": "Anku",
    "PrimeAnkyros": "Ankyros Prime",
    "Ninja": "Ash",
    "AshPrime": "Ash Prime",
    "Brawler": "Atlas",
    "GrineerWhip": "Atterax",
    "TnoPrmryXbowWeapon": "Attica",
    "SundialPistol": "Azima",
    "Banshee": "Banshee",
    "PrimeBoar": "Boar Prime",
    "Boltonfa": "Boltace",
    "AHBoltace": "Telos Boltace",
    "BoltoRifle": "Boltor",
    "PrimeBoltor": "Boltor Prime",
    "AHBoltor": "Telos Boltor",
    "MK1Bo": "Mk1-Bo",
    "PrimeBoWeapon": "Bo Prime",
    "GrineerHandCannon": "Brakk",
    "Rifle": "Braton",
    "StartingRifle": "Mk1-Braton",
    "BratonPrime": "Braton Prime",
    "GrnQueenSceptreWeapon": "Broken Sceptre",
    "StalkerTwoSmallSword": "Broken War",
    "HandShotGun": "Bronco",
    "BurstRifle": "Burston",
    "PrimeBurston": "Burston Prime",
    "GrnGorgSniperRifle": "Buzlok",
    "NLCastanas": "Sancti Castanas",
    "InfestedScythe": "Caustacyst",
    "CeramicDagger": "Ceramic Dagger",
    "PunctureGlaiveWeapon": "Cerata",
    "AntlerBow": "Cernos",
    "InfCernos": "Mutalist Cernos",
    "PrimeCernos": "Cernos Prime",
    "RVCernos": "Rakta Cernos",
    "CorpusMinigun": "Cestra",
    "DragonPeltWeapon": "Chroma Effigy",
    "AsymetricalBow": "Daikyu",
    "DexTheSecond": "Dex Dakra",
    "PrimeCronusLongSword": "Dakra Prime",
    "DarkDagger": "Dark Dagger",
    "RVDarkDagger": "Rakta Dark Dagger",
    "DarkLongSword": "DarkSword",
    "DeraVandal": "Dera Vandal",
    "StalkerKunai": "Despair",
    "TnoRapier": "Destreza",
    "VTDetron": "Mara Detron",
    "Dragon": "Chroma",
    "StalkerBow": "Dread",
    "PrismaDualCleavers": "Prisma Dual Cleavers",
    "DualEtherSword": "Dual Ether",
    "DualInfestedAxesWeapon": "Dual Ichor",
    "Ember": "Ember",
    "EmberPrime": "Ember Prime",
    "InfVomitGunWep": "Embolist",
    "DamageTrigger": "Environment",
    "EtherScytheWeapon": "EtherReaper",
    "DoomSword": "Exalted Blade",
    "PvPDoomSwordProjectile": "Exalted Blade",
    "Excalibur": "Excalibur",
    "ExcaliburPrime": "Excalibur Prime",
    "DualDagger": "Fang",
    "Fang PrimeDagger": "Fang Prime",
    "CrpLaserRifle": "Flux Rifle",
    "FrostPrime": "Frost Prime",
    "AutoPistol": "Furis",
    "DexFuris": "Dex Furis",
    "MK1Furis": "Mk1-Furis",
    "TennoGreatSword": "Galatine",
    "PrimeGalatine": "Galatine Prime",
    "CSDroidArray": "Gammacor",
    "CSSynoidGammacor": "Synoid Gammacor",
    "DjinnMachete": "Gazal Machete",
    "LightGlaiveWeapon": "Glaive",
    "PrimeGlaiveWeapon": "Glaive Prime",
    "CrpFreezeRayRifle": "Glaxion",
    "HeavyRifle": "Gorgon",
    "VTGorgon": "Prisma Gorgon",
    "WraithGorgon": "Gorgon Wraith",
    "PrismaGrakata": "Prisma Grakata",
    "GLARifle": "Grinlok",
    "GrnBoomerang": "Halikar",
    "StalkerScytheWeapon": "Hate",
    "HeatLongSword": "Heat Sword",
    "QuadShotgun": "Hek",
    "SMHek": "Vaykor Hek",
    "TennoStars": "Hikou",
    "PrimeHikou": "Hikou Prime",
    "GrnAssaultRifle": "Grakata",
    "GrnBurstRifle": "Hind",
    "Sandman": "Inaros",
    "Ranger": "Ivara",
    "GrineerJetPolearm": "Jat Kittag",
    "GrineerM16Rifle": "Karak",
    "KarakWraith": "Karak Wraith",
    "GrnHalberd": "Kesheg",
    "BoomerangWeapon": "Kestrel",
    "BrassKnuckles": "Kogake",
    "GrnKohmPistol": "Kohmak",
    "GrnTwinKohmaks": "Twin Kohmak",
    "GrnHeavyPistol": "Kraken",
    "TennoTonfa": "Kronen",
    "GrnTorpedoPistol": "Kulstar",
    "Kunai": "Kunai",
    "MK1Kunai": "Mk1-Kunai",
    "StalkerMios": "Lacera",
    "Railgun": "Lanka",
    "Pistol": "Lato",
    "LatoVandal": "Lato Vandal",
    "SemiAutoRifle": "Latron",
    "LatronPrime": "Latron Prime",
    "WraithLatron": "Latron Wraith",
    "PSLecta": "Secura Lecta",
    "HeavyPistol": "Lex",
    "AkLexPistols": "AkLex",
    "PrimeLex": "Lex Prime",
    "Magician": "Limbo",
    "LokiPrime": "Loki Prime",
    "Mag": "Mag",
    "NLMagistar": "Sancti Magistar",
    "Magnum": "Magnus",
    "MagPrime": "Mag Prime",
    "SMMarelok": "Vaykor Marelok",
    "Cowgirl": "Mesa",
    "Mios": "Mios",
    "Harlequin": "Mirage",
    "SawBladeGun": "Miter",
    "Necro": "Nekros",
    "Nezha": "Nezha",
    "LowKatana": "Dragon Nikana",
    "PrimeNikana": "Nikana Prime",
    "TnoNunchaku": "Nikondi",
    "Anti": "Nova",
    "NovaPrime": "Nova Prime",
    "Jade": "Nyx",
    "NyxPrime": "Nyx Prime",
    "Paladin": "Oberon",
    "KickPunchWeapon": "Obex",
    "RocketLauncher": "Ogris",
    "CrpBFG": "Opticor",
    "PrimePolearmWeapon": "Orthos Prime",
    "TnTeshinGlaiveWep": "Orvius",
    "PangolinLongSword": "Pangolin Sword",
    "TnoMiter": "Panthera",
    "HuntingBow": "Paris",
    "MK1Paris": "Mk1-Paris",
    "PrimeHuntingBow": "Paris Prime",
    "GrenadeLauncher": "Penta",
    "PSPenta": "Secura Penta",
    "TennoHandShotgun": "Pyrana",
    "ReaperWeapon": "Reaper Prime",
    "Rhino": "Rhino",
    "RhinoPrime": "Rhino Prime",
    "GrnTurretRocketLauncher": "Grineer Turret Rocket",
    "GrnQueenGuardDualPistols": "Twin Rogga",
    "FiveShotSniper": "Rubico",
    "Saryn": "Saryn",
    "SarynPrime": "Saryn Prime",
    "GrnScopedPistolPlayer": "Seer",
    "IceHammer": "Sibear",
    "BurstPistol": "Sicarus",
    "PrimeSicarusPistol": "Sicarus Prime",
    "TennoSwordShield": "Silva&Aegis",
    "CSSimulor": "Synoid Simulor",
    "LongSword": "Skana",
    "PrismaSkana": "Prisma Skana",
    "SniperRifle": "Snipetron",
    "VandalSniperRifle": "Snipetron Vandal",
    "DoubleBarrelShotgun": "Sobek",
    "TennoAR": "Soma",
    "PrimeSomaRifle": "Soma Prime",
    "CrpLaserPistol": "Spectra",
    "LiDagger": "Spira",
    "CrpElectroMag": "Staticor",
    "TennoTommyGunRifle": "Stradavar",
    "Shotgun": "Strun",
    "MK1Strun": "Mk1-Strun",
    "ShotgunVandal": "Strun Wraith",
    "CrpHeavyRifle": "Supra",
    "TnoLeverActionRifle": "Sybaris",
    "DexTheThird": "Dex Sybaris",
    "GrnTridentWeapon": "Sydon",
    "SMSydon": "Vaykor Sydon",
    "U18throwingknives": "Talons",
    "BrawlerKnuckles": "Tekko",
    "CorpusUMP": "Tetra",
    "PrismaCorpusUMP": "Prisma Tetra",
    "DrakeRifle": "Tiberon",
    "TennoDoubleBarrelShotgun": "Tigris",
    "PrimeTigris": "Tigris Prime",
    "NLTigris": "Sancti Tigris",
    "TnoMonkStaff": "Tipedo",
    "Fairy": "Titania",
    "FlowerPowerPolearmWep": "Tonbo",
    "GrnGrenadeLauncher": "Tonkor",
    "Trinity": "Trinity",
    "TrinityPrime": "Trinity Prime",
    "TwinGrakatas": "Twin Grakatas",
    "WraithTwinVipers": "Wraith Twin Vipers",
    "Berserker": "Valkyr",
    "ValkyrPrime": "Valkyr Prime",
    "DualVastos": "AkVasto",
    "PrimeVastoPistol": "Vasto Prime",
    "RevolverPistol": "Vasto",
    "Trapper": "Vauban",
    "TrapperPrime": "Vauban Prime",
    "TennoSniperRifle": "Vectis",
    "PrimeVectisRifle": "Vectis Prime",
    "PrimeVenkaClaws": "Venka Prime",
    "GrineerAkimboPistol": "Twin Vipers",
    "GrineerLightPistol": "Viper",
    "Volt": "Volt",
    "VoltPrime": "Volt Prime",
    "GrnCannonWeapon": "Zarr",
    "SundialAxeWeapon": "Zenistar",
    "Tengu": "Zephyr",
    "RepeatingCrossbow": "Zhuge",
    "Dagger": "Psychic Bolts",
    "ShieldElement": "Volt Shield",
    "CorpusCoreLaserBeam": "Corpus Core Laser",
    "CronusLongSword": "Cronus",
    "DarkSwordDaggerSingle": "Dark Split Sword - Heavy",
    "DragonPeltPowerSuit": "Chroma Effigy",
    "DualAxeWeapon": "Dual Zoren",
    "DualCorpusMinigun": "Dual Cestra",
    "FullAutoShotgun": "Boar",
    "Gauntlet": "Ankyros",
    "GLAPistol": "Marelok",
    "GrnDualFireAxe": "Twin Basolk",
    "GrnHarpoonGun": "Harpak",
    "GrnHeatGun": "Atomos",
    "GrnMicrowavePistol": "Nukor",
    "InfestedRifle": "Synapse",
    "InfestedWhipWeapon": "Scoliac",
    "InfTipedoStaff": "Lesion",
    "KrisDagger": "Karyst",
    "MonkeyKing": "Wukong",
    "NikanaDragon": "Dragon Nikana",
    "PaladinMaceWeapon": "Magistar",
    "PrimeLiDagger": "Spira Prime",
    "PrimeScindoWeapon": "Scindo Prime",
    "PSDualCestra": "Secura Dual Cestra",
    "TennoClaws": "Venka",
    "TennoSais": "Okina",
    "TnoBladedPistols": "Akjagara",
    "VIPRifle": "Braton Vandal",
    "WraithMacheteWeapon": "Machete Wraith",
    "Katana": "Nikana",
    "PrimeDualKamas": "Dual Kamas Prime",
    "SingleKama": "Kama",
    "DualKamas": "Dual Kamas",
    "StalkerTwoGreatSword": "War",
    "VariantSnowBalls" : "Solstice Spheres",
    "VariantXmasScythe" : "Solstice Scythe",
    "DualCleaverWeapon" : "Dual Cleaver",
    "GrnFlameSpear" : "Javlok"
}
